,Rank_MOJO_by_Box_office,Title,Lifetime_Gross_MOJO,Max_Theaters,Opening_Box,Opening_Th,User_Rating_IMDB,Metacritic,Number_of_votes_IMDB,Release_Difference,CBS Films,Focus Features,IDP Distribution,IMAX,Lionsgate,National Geographic Entertainment,Neon,Other,Overture Films,Paramount Classics,Paramount Pictures,Sony Pictures Entertainment (SPE),United Artists,Walt Disney Studios Motion Pictures,Warner Bros.,Warner Independent Pictures (WIP)
0,1,Fahrenheit 9/11,119194771,2011.0,23920637.0,868.0,7.5,67.0,125629,8475.0,0,0,0,0,1,0,0,0,0,0,0,0,0,0,0,0
1,2,March of the Penguins,77437223,2506.0,137492.0,4.0,7.5,79.0,55375,8841.0,0,0,0,0,0,0,0,0,0,0,0,0,0,0,0,1
2,4,This Is It,72091016,3481.0,23234394.0,3481.0,7.2,67.0,38161,10428.0,0,0,0,0,0,0,0,0,0,0,0,1,0,0,0,0
3,5,Under the Sea 3D,36262926,108.0,661185.0,49.0,7.5,77.0,1730,10171.0,0,0,0,0,0,0,0,0,0,0,0,0,0,0,1,0
4,7,Earth,32011576,1804.0,8825760.0,1804.0,8.0,72.0,14137,10239.0,0,0,0,0,0,0,0,0,0,0,0,0,0,1,0,0
5,10,Born to Be Wild,25978556,208.0,871478.0,206.0,7.6,66.0,2930,10955.0,0,0,0,0,0,0,0,0,0,0,0,0,0,0,1,0
6,12,Sicko,24540079,1117.0,68969.0,1.0,7.9,74.0,73259,9569.0,0,0,0,0,1,0,0,0,0,0,0,0,0,0,0,0
7,13,An Inconvenient Truth,24146161,587.0,281330.0,4.0,7.4,75.0,79832,9175.0,0,0,0,0,0,0,0,0,0,1,0,0,0,0,0,0
8,14,Won't You Be My Neighbor?,22835787,893.0,475419.0,29.0,8.4,85.0,22152,13573.0,0,1,0,0,0,0,0,0,0,0,0,0,0,0,0,0
9,15,Bowling for Columbine,21576018,248.0,209148.0,8.0,7.9,72.0,138833,7854.0,0,0,0,0,0,0,0,0,0,0,0,0,1,0,0,0
10,18,Bears,17780194,1790.0,4776267.0,1720.0,7.4,68.0,6404,12061.0,0,0,0,0,0,0,0,0,0,0,0,0,0,1,0,0
11,19,Free Solo,17541090,483.0,294288.0,4.0,8.2,83.0,51388,13685.0,0,0,0,0,0,1,0,0,0,0,0,0,0,0,0,0
12,20,Monkey Kingdom,16432322,2012.0,4577861.0,2012.0,7.3,72.0,3674,12425.0,0,0,0,0,0,0,0,0,0,0,0,0,0,1,0,0
13,21,A Beautiful Planet,15650615,155.0,223983.0,137.0,7.4,75.0,1130,12803.0,0,0,0,1,0,0,0,0,0,0,0,0,0,0,0,0
14,22,African Cats,15428747,1224.0,6003200.0,1220.0,7.6,61.0,6141,10969.0,0,0,0,0,0,0,0,0,0,0,0,0,0,1,0,0
15,26,Capitalism: A Love Story,14363397,995.0,231964.0,4.0,7.4,61.0,40869,10393.0,0,0,0,0,0,0,0,0,1,0,0,0,0,0,0,0
16,27,RBG,14017361,432.0,578470.0,34.0,7.6,71.0,11280,13538.0,0,0,0,0,0,0,0,1,0,0,0,0,0,0,0,0
17,31,Three Identical Strangers,12320845,433.0,171503.0,5.0,7.7,81.0,24343,13594.0,0,0,0,0,0,0,1,0,0,0,0,0,0,0,0,0
18,32,Super Size Me,11536423,230.0,516641.0,41.0,7.2,73.0,100146,8428.0,0,0,1,0,0,0,0,0,0,0,0,0,0,0,0,0
19,34,Winged Migration,10764402,202.0,33128.0,1.0,7.9,82.0,11435,8043.0,0,0,0,0,0,0,0,1,0,0,0,0,0,0,0,0
20,36,Amy,8413144,435.0,222500.0,6.0,7.8,85.0,47767,12502.0,0,0,0,0,0,0,0,1,0,0,0,0,0,0,0,0
21,37,Mad Hot Ballroom,8117961,202.0,45348.0,2.0,7.3,71.0,3353,8799.0,0,0,0,0,0,0,0,0,0,1,0,0,0,0,0,0
22,39,Hoop Dreams,7830611,262.0,18396.0,3.0,8.3,98.0,24023,4935.0,0,0,0,0,0,0,0,1,0,0,0,0,0,0,0,0
23,41,Tupac: Resurrection,7718961,804.0,4632847.0,801.0,7.9,66.0,8928,8253.0,0,0,0,0,0,0,0,0,0,0,1,0,0,0,0,0
24,42,Penguins,7699452,1815.0,2282593.0,1815.0,7.0,69.0,1276,13886.0,0,0,0,0,0,0,0,0,0,0,0,0,0,1,0,0
25,46,I Am Not Your Negro,7123919,320.0,686378.0,43.0,7.9,95.0,18686,13083.0,0,0,0,0,0,0,0,1,0,0,0,0,0,0,0,0
26,47,Roger & Me,6706368,265.0,80253.0,4.0,7.4,70.0,25414,3178.0,0,0,0,0,0,0,0,0,0,0,0,0,0,0,1,0
27,48,Waiting for 'Superman',6417135,330.0,139033.0,4.0,7.5,81.0,10599,10759.0,0,0,0,0,0,0,0,1,0,0,0,0,0,0,0,0
28,49,The Aristocrats,6377461,234.0,243796.0,4.0,6.4,72.0,15909,8876.0,0,0,0,0,0,0,0,1,0,0,0,0,0,0,0,0
29,50,Fahrenheit 11/9,6352306,1719.0,3008563.0,1719.0,7.0,69.0,16996,13678.0,0,0,0,0,0,0,0,1,0,0,0,0,0,0,0,0
30,54,Spellbound,5728581,117.0,17508.0,1.0,7.5,80.0,11812,8055.0,0,0,0,0,0,0,0,1,0,0,0,0,0,0,0,0
31,56,Shine a Light,5505267,277.0,1488081.0,276.0,7.2,76.0,10990,9856.0,0,0,0,0,0,0,0,1,0,0,0,0,0,0,0,0
32,58,Cave of Forgotten Dreams,5304920,123.0,139101.0,5.0,7.4,86.0,14966,10976.0,0,0,0,0,0,0,0,1,0,0,0,0,0,0,0,0
33,61,Pavarotti,4600249,288.0,144032.0,19.0,7.5,66.0,2439,13937.0,1,0,0,0,0,0,0,0,0,0,0,0,0,0,0,0
34,62,Touching the Void,4593598,137.0,96973.0,5.0,8.0,82.0,33209,8323.0,0,0,0,0,0,0,0,1,0,0,0,0,0,0,0,0
35,63,Amazing Grace,4450456,263.0,57353.0,3.0,7.5,94.0,3366,13755.0,0,0,0,0,0,0,1,0,0,0,0,0,0,0,0,0
36,64,"Food, Inc.",4417674,155.0,60513.0,3.0,7.8,80.0,49069,10290.0,0,0,0,0,0,0,0,1,0,0,0,0,0,0,0,0
37,65,The Biggest Little Farm,4366949,285.0,110492.0,5.0,8.1,73.0,4915,13909.0,0,0,0,0,0,0,1,0,0,0,0,0,0,0,0,0
38,66,Inside Job,4312735,250.0,39649.0,2.0,8.2,88.0,68530,10773.0,0,0,0,0,0,0,0,1,0,0,0,0,0,0,0,0
39,67,Linda Ronstadt: The Sound of My Voice,4252657,247.0,113235.0,7.0,8.0,77.0,1393,14028.0,0,0,0,0,0,0,0,1,0,0,0,0,0,0,0,0
40,70,The Fog of War: Eleven Lessons from the Life of Robert S. McNamara,4198566,261.0,41449.0,3.0,8.1,87.0,22564,8288.0,0,0,0,0,0,0,0,1,0,0,0,0,0,0,0,0
41,71,Good Hair,4157223,466.0,1039220.0,186.0,6.9,72.0,5440,10409.0,0,0,0,0,0,0,0,1,0,0,0,0,0,0,0,0
42,73,Buck,4038912,152.0,67548.0,4.0,7.6,76.0,3152,11025.0,0,0,0,0,0,0,0,1,0,0,0,0,0,0,0,0
43,74,Young@Heart,3992189,212.0,50937.0,4.0,7.9,75.0,3842,9861.0,0,0,0,0,0,0,0,1,0,0,0,0,0,0,0,0
44,75,Bully,3863446,263.0,535433.0,158.0,7.3,74.0,9747,11326.0,0,0,0,0,0,0,0,1,0,0,0,0,0,0,0,0
45,76,Where to Invade Next,3827261,308.0,897034.0,308.0,7.5,64.0,23251,12726.0,0,0,0,0,0,0,0,1,0,0,0,0,0,0,0,0
46,78,The September Issue,3820067,143.0,220633.0,6.0,7.1,69.0,7357,10367.0,0,0,0,0,0,0,0,1,0,0,0,0,0,0,0,0
47,79,Paris Is Burning,3779620,91.0,310127.0,23.0,8.2,82.0,12206,3773.0,0,0,0,0,0,0,0,1,0,0,0,0,0,0,0,0
48,81,Searching for Sugar Man,3696196,157.0,27459.0,3.0,8.2,79.0,62884,11431.0,0,0,0,0,0,0,0,1,0,0,0,0,0,0,0,0
49,82,Step Into Liquid,3681803,91.0,135985.0,5.0,7.5,72.0,2594,8155.0,0,0,0,0,0,0,0,1,0,0,0,0,0,0,0,0
50,83,Pina,3524826,84.0,68012.0,3.0,7.7,83.0,14318,11214.0,0,0,0,0,0,0,0,1,0,0,0,0,0,0,0,0
51,84,Born Into Brothels: Calcutta's Red Light Kids,3515061,127.0,14605.0,1.0,7.2,78.0,16015,8643.0,0,0,0,0,0,0,0,1,0,0,0,0,0,0,0,0
52,86,An Inconvenient Sequel: Truth to Power,3496795,556.0,124823.0,4.0,6.4,68.0,7519,13258.0,0,0,0,0,0,0,0,0,0,0,1,0,0,0,0,0
53,87,Echo in the Canyon,3355324,147.0,117651.0,2.0,6.9,69.0,2231,13923.0,0,0,0,0,0,0,0,1,0,0,0,0,0,0,0,0
54,88,Rize,3336391,352.0,1574787.0,352.0,7.1,74.0,3113,8841.0,0,0,0,0,1,0,0,0,0,0,0,0,0,0,0,0
55,89,Exit Through the Gift Shop,3291250,46.0,170756.0,8.0,8.0,85.0,61670,10598.0,0,0,0,0,0,0,0,1,0,0,0,0,0,0,0,0
56,90,Catfish,3237343,143.0,257285.0,12.0,7.1,65.0,40543,10752.0,0,0,0,0,0,0,0,1,0,0,0,0,0,0,0,0
57,91,Grizzly Man,3178403,105.0,269131.0,29.0,7.8,87.0,52179,8890.0,0,0,0,0,1,0,0,0,0,0,0,0,0,0,0,0
58,92,The Eagle Huntress,3169351,122.0,52574.0,4.0,7.5,72.0,3436,12990.0,0,0,0,0,0,0,0,1,0,0,0,0,0,0,0,0
59,93,Maiden,3168978,180.0,46931.0,6.0,7.7,82.0,1634,13958.0,0,0,0,0,0,0,0,1,0,0,0,0,0,0,0,0
60,94,Wordplay,3121270,154.0,32847.0,2.0,7.3,73.0,3565,9198.0,0,0,0,0,0,0,0,1,0,0,0,0,0,0,0,0
61,95,Capturing the Friedmans,3119113,78.0,65154.0,3.0,7.7,90.0,23736,8085.0,0,0,0,0,0,0,0,1,0,0,0,0,0,0,0,0
62,96,The Wild Parrots of Telegraph Hill,3058527,67.0,36731.0,5.0,7.8,80.0,2921,8706.0,0,0,0,0,0,0,0,1,0,0,0,0,0,0,0,0
63,97,Crumb,3041083,56.0,19859.0,1.0,8.0,93.0,18236,5124.0,0,0,0,0,0,0,0,1,0,0,0,0,0,0,0,0
64,98,Whitney,3026351,451.0,1265572.0,451.0,7.3,75.0,6439,13601.0,0,0,0,0,0,0,0,1,0,0,0,0,0,0,0,0
65,100,Man on Wire,2962242,93.0,51392.0,2.0,7.7,89.0,52023,9968.0,0,0,0,0,0,0,0,1,0,0,0,0,0,0,0,0
66,101,Joan Rivers: A Piece of Work,2930687,115.0,164351.0,7.0,7.4,79.0,3573,10654.0,0,0,0,0,0,0,0,1,0,0,0,0,0,0,0,0
67,102,The Beatles: Eight Days a Week - The Touring Years,2930414,155.0,785336.0,85.0,7.8,72.0,11054,12942.0,0,0,0,0,0,0,0,1,0,0,0,0,0,0,0,0
68,104,Kedi,2835047,130.0,40103.0,1.0,7.7,78.0,12720,13090.0,0,0,0,0,0,0,0,1,0,0,0,0,0,0,0,0
69,105,Citizenfour,2800870,105.0,126321.0,5.0,8.0,88.0,51546,12250.0,0,0,0,0,0,0,0,1,0,0,0,0,0,0,0,0
70,106,When We Were Kings,2789985,92.0,12479.0,2.0,8.0,83.0,14951,5677.0,0,0,0,0,0,0,0,1,0,0,0,0,0,0,0,0
71,107,Comedian,2751988,244.0,60224.0,4.0,6.9,62.0,6474,7854.0,0,0,0,0,0,0,0,1,0,0,0,0,0,0,0,0
72,108,My Architect,2750707,39.0,37929.0,2.0,7.4,81.0,3055,8251.0,0,0,0,0,0,0,0,1,0,0,0,0,0,0,0,0
73,110,Samsara,2672413,70.0,76222.0,2.0,8.5,65.0,32636,11459.0,0,0,0,0,0,0,0,1,0,0,0,0,0,0,0,0
74,111,He Named Me Malala,2668936,477.0,61808.0,4.0,6.9,61.0,4417,12593.0,0,0,0,0,0,0,0,1,0,0,0,0,0,0,0,0
75,112,Control Room,2589616,74.0,27125.0,1.0,7.6,79.0,5001,8442.0,0,0,0,0,0,0,0,1,0,0,0,0,0,0,0,0
76,114,Jiro Dreams of Sushi,2552478,80.0,42035.0,2.0,7.9,77.0,33083,11291.0,0,0,0,0,0,0,0,1,0,0,0,0,0,0,0,0
77,116,The Endurance,2453083,40.0,18931.0,3.0,7.8,85.0,1846,7483.0,0,0,0,0,0,0,0,1,0,0,0,0,0,0,0,0
78,117,The Gatekeepers,2415727,131.0,61552.0,3.0,7.6,91.0,5400,11620.0,0,0,0,0,0,0,0,1,0,0,0,0,0,0,0,0
79,118,The Queen of Versailles,2401999,89.0,51326.0,3.0,7.1,80.0,12451,11424.0,0,0,0,0,0,0,0,1,0,0,0,0,0,0,0,0
80,120,Meru,2334228,176.0,91279.0,7.0,7.7,77.0,14634,12544.0,0,0,0,0,0,0,0,1,0,0,0,0,0,0,0,0
81,123,A Brief History of Time,2279692,45.0,84025.0,5.0,7.3,78.0,5128,4151.0,0,0,0,0,0,0,0,1,0,0,0,0,0,0,0,0
82,124,Riding Giants,2276368,64.0,134400.0,26.0,7.9,80.0,4326,8491.0,0,0,0,0,0,0,0,1,0,0,0,0,0,0,0,0
83,127,Blackfish,2073582,99.0,75962.0,5.0,8.1,83.0,60899,11788.0,0,0,0,0,0,0,0,1,0,0,0,0,0,0,0,0
84,129,Beyond the Mat,2053648,298.0,9532.0,1.0,7.6,73.0,8103,6769.0,0,0,0,0,1,0,0,0,0,0,0,0,0,0,0,0
85,131,Pope Francis: A Man of His Word,2008385,385.0,507870.0,346.0,6.2,63.0,1906,13552.0,0,1,0,0,0,0,0,0,0,0,0,0,0,0,0,0
86,134,The Corporation,1879983,28.0,28671.0,2.0,8.0,73.0,20290,8456.0,0,0,0,0,0,0,0,1,0,0,0,0,0,0,0,0
87,135,Fantastic Fungi,1788322,37.0,9419.0,1.0,7.7,70.0,1345,14042.0,0,0,0,0,0,0,0,1,0,0,0,0,0,0,0,0
88,137,Valentino: The Last Emperor,1755134,38.0,21762.0,1.0,7.2,68.0,1731,10204.0,0,0,0,0,0,0,0,1,0,0,0,0,0,0,0,0
89,139,Every Little Step,1725141,70.0,68504.0,8.0,7.5,76.0,1420,10234.0,0,0,0,0,0,0,0,1,0,0,0,0,0,0,0,0
90,141,Jane,1723379,96.0,58348.0,3.0,7.8,87.0,4416,13342.0,0,0,0,0,0,0,0,1,0,0,0,0,0,0,0,0
91,144,Who Killed the Electric Car?,1678874,74.0,45138.0,8.0,7.6,70.0,12074,9210.0,0,0,0,0,0,0,0,1,0,0,0,0,0,0,0,0
92,145,Weiner,1676108,88.0,84173.0,5.0,7.6,84.0,9600,12824.0,0,0,0,0,0,0,0,1,0,0,0,0,0,0,0,0
93,146,Tim's Vermeer,1671377,129.0,49777.0,4.0,7.8,76.0,7681,11984.0,0,0,0,0,0,0,0,1,0,0,0,0,0,0,0,0
94,148,Senna,1612430,47.0,73497.0,2.0,8.5,79.0,62630,11081.0,0,0,0,0,0,0,0,1,0,0,0,0,0,0,0,0
95,149,It Might Get Loud,1610163,75.0,92679.0,7.0,7.6,70.0,12260,10353.0,0,0,0,0,0,0,0,1,0,0,0,0,0,0,0,0
96,151,Stories We Tell,1600145,70.0,27053.0,2.0,7.5,91.0,12142,11718.0,0,0,0,0,0,0,0,1,0,0,0,0,0,0,0,0
97,153,Western Stars,1581681,553.0,560282.0,345.0,7.5,80.0,1318,14077.0,0,0,0,0,0,0,0,0,0,0,0,0,0,0,1,0
98,157,Fed Up,1538899,104.0,126028.0,18.0,7.7,71.0,11379,12082.0,0,0,0,0,0,0,0,1,0,0,0,0,0,0,0,0
99,158,Murderball,1531154,97.0,57286.0,8.0,7.7,87.0,9790,8855.0,0,0,0,0,0,0,0,1,0,0,0,0,0,0,0,0
100,159,Finding Vivian Maier,1514782,97.0,63600.0,3.0,7.7,75.0,12904,12040.0,0,0,0,0,0,0,0,1,0,0,0,0,0,0,0,0
101,162,Why We Fight,1439972,64.0,53571.0,6.0,8.0,68.0,9710,9051.0,0,0,0,0,0,0,0,1,0,0,0,0,0,0,0,0
102,163,The Kid Stays in the Picture,1439232,56.0,89087.0,4.0,7.3,75.0,6899,7777.0,0,1,0,0,0,0,0,0,0,0,0,0,0,0,0,0
103,164,No End in Sight,1433319,117.0,31533.0,2.0,8.2,89.0,8105,9604.0,0,0,0,0,0,0,0,1,0,0,0,0,0,0,0,0
104,166,Marley,1413480,73.0,262004.0,42.0,8.0,82.0,13046,11333.0,0,0,0,0,0,0,0,1,0,0,0,0,0,0,0,0
105,170,The Salt of the Earth,1343349,80.0,44900.0,4.0,8.5,83.0,19345,12404.0,0,0,0,0,0,0,0,1,0,0,0,0,0,0,0,0
106,171,Restrepo,1330894,52.0,35581.0,2.0,7.5,85.0,21790,10668.0,0,0,0,0,0,1,0,0,0,0,0,0,0,0,0,0
107,174,Iris,1310678,92.0,57254.0,6.0,7.2,80.0,4142,12437.0,0,0,0,0,0,0,0,1,0,0,0,0,0,0,0,0
108,177,Brother's Keeper,1305915,15.0,10758.0,1.0,7.5,93.0,3812,4170.0,0,0,0,0,0,0,0,1,0,0,0,0,0,0,0,0
109,178,The Wolfpack,1301696,94.0,43920.0,2.0,7.0,75.0,11829,12481.0,0,0,0,0,0,0,0,1,0,0,0,0,0,0,0,0
110,179,Dogtown and Z-Boys,1300682,70.0,103355.0,20.0,7.7,76.0,12136,7686.0,0,0,0,0,0,0,0,1,0,0,0,0,0,0,0,0
111,181,Startup.com,1283356,35.0,16118.0,1.0,7.0,75.0,3255,7336.0,0,0,0,0,0,0,0,1,0,0,0,0,0,0,0,0
112,182,Maria By Callas,1267301,149.0,91915.0,16.0,7.2,71.0,1506,13720.0,0,0,0,0,0,0,0,1,0,0,0,0,0,0,0,0
113,184,McQueen,1257275,95.0,98873.0,4.0,7.8,84.0,6158,13615.0,0,0,0,0,0,0,0,1,0,0,0,0,0,0,0,0
114,187,Gonzo,1252100,59.0,191942.0,26.0,7.7,73.0,7460,9947.0,0,0,0,0,0,0,0,1,0,0,0,0,0,0,0,0
115,190,Metallica: Some Kind of Monster,1222708,147.0,46359.0,3.0,7.5,74.0,17196,8491.0,0,0,0,0,0,0,0,1,0,0,0,0,0,0,0,0
116,191,The Thin Blue Line,1209846,23.0,17814.0,1.0,8.0,79.0,21252,2695.0,0,0,0,0,0,0,0,1,0,0,0,0,0,0,0,0
117,192,Inequality for All,1205273,103.0,140888.0,28.0,8.1,68.0,6571,11858.0,0,0,0,0,0,0,0,1,0,0,0,0,0,0,0,0
118,193,"Beats, Rhymes & Life: The Travels of A Tribe Called Quest",1200326,54.0,111982.0,4.0,7.7,76.0,3433,11046.0,0,0,0,0,0,0,0,1,0,0,0,0,0,0,0,0
119,197,Festival Express,1174079,43.0,12074.0,1.0,7.6,85.0,2138,8505.0,0,0,0,0,0,0,0,1,0,0,0,0,0,0,0,0
120,198,American Movie,1165795,29.0,20260.0,2.0,7.9,84.0,16538,6783.0,0,0,0,0,0,0,0,1,0,0,0,0,0,0,0,0
121,202,In the Shadow of the Moon,1134358,104.0,38281.0,4.0,8.0,84.0,6500,9646.0,0,0,0,0,0,0,0,1,0,0,0,0,0,0,0,0
122,203,Paper Clips,1121744,43.0,25535.0,5.0,7.2,64.0,1668,8629.0,0,0,0,0,0,0,0,1,0,0,0,0,0,0,0,0
123,204,The U.S. vs. John Lennon,1109146,65.0,69143.0,6.0,7.3,64.0,5351,9289.0,0,0,0,0,1,0,0,0,0,0,0,0,0,0,0,0
124,208,Page One: Inside the New York Times,1067028,65.0,28911.0,2.0,6.9,68.0,3248,11025.0,0,0,0,0,0,0,0,1,0,0,0,0,0,0,0,0
125,209,Leonard Cohen: I'm Your Man,1044254,55.0,17130.0,1.0,6.8,68.0,2074,9203.0,0,0,0,0,1,0,0,0,0,0,0,0,0,0,0,0
126,211,Dior and I,1028953,105.0,45772.0,2.0,7.3,70.0,3474,12418.0,0,0,0,0,0,0,0,1,0,0,0,0,0,0,0,0
127,212,Diana Vreeland: The Eye Has to Travel,1017579,27.0,63700.0,3.0,7.5,69.0,1417,11487.0,0,0,0,0,0,0,0,1,0,0,0,0,0,0,0,0
128,213,First Position,1014071,58.0,48024.0,5.0,7.6,72.0,3269,11347.0,0,0,0,0,0,0,0,1,0,0,0,0,0,0,0,0
129,214,Marianne & Leonard: Words of Love,1012034,101.0,44942.0,4.0,6.9,69.0,1238,13965.0,0,0,0,0,0,0,0,1,0,0,0,0,0,0,0,0
130,218,Faces Places,953717,42.0,31006.0,5.0,7.9,94.0,10436,13328.0,0,0,0,0,0,0,0,1,0,0,0,0,0,0,0,0
131,220,Encounters at the End of the World,944933,39.0,17730.0,1.0,7.7,80.0,16938,9924.0,0,0,0,0,0,0,0,1,0,0,0,0,0,0,0,0
132,221,American Teen,942441,109.0,45589.0,5.0,6.4,66.0,4066,9968.0,0,0,0,0,0,0,0,1,0,0,0,0,0,0,0,0
133,222,Dark Horse,940715,74.0,13838.0,3.0,7.3,75.0,978,12810.0,0,0,0,0,0,0,0,1,0,0,0,0,0,0,0,0
134,228,Jesus Camp,902544,52.0,17659.0,13.0,7.4,62.0,26176,9289.0,0,0,0,0,0,0,0,1,0,0,0,0,0,0,0,0
135,229,The War Room,901668,21.0,15264.0,1.0,7.3,78.0,3786,4590.0,0,0,0,0,0,0,0,1,0,0,0,0,0,0,0,0
136,230,The Imposter,898317,31.0,22379.0,1.0,7.5,77.0,44629,11417.0,0,0,0,0,0,0,0,1,0,0,0,0,0,0,0,0
137,233,Tea With the Dames,889343,71.0,14777.0,1.0,7.3,85.0,1810,13678.0,0,0,0,0,0,0,0,1,0,0,0,0,0,0,0,0
138,234,Tyson,887918,56.0,85046.0,11.0,7.5,83.0,12098,10241.0,0,0,0,0,0,0,0,1,0,0,0,0,0,0,0,0
139,237,Particle Fever,869838,27.0,53901.0,4.0,7.4,87.0,7134,12017.0,0,0,0,0,0,0,0,1,0,0,0,0,0,0,0,0
140,238,The Cove,857005,56.0,57640.0,4.0,8.4,84.0,46897,10339.0,0,0,0,0,0,0,0,1,0,0,0,0,0,0,0,0
141,241,Generation Iron,849521,84.0,245000.0,53.0,7.1,61.0,7531,11851.0,0,0,0,0,0,0,0,1,0,0,0,0,0,0,0,0
142,242,Arctic Tale,833532,227.0,22607.0,4.0,7.0,64.0,1770,9602.0,0,0,0,0,0,0,0,1,0,0,0,0,0,0,0,0
143,243,I.O.U.S.A.,821046,358.0,61313.0,18.0,7.5,70.0,1822,9996.0,0,0,0,0,0,0,0,1,0,0,0,0,0,0,0,0
144,244,Bombshell: The Hedy Lamarr Story,820300,36.0,8000.0,1.0,7.4,70.0,3225,13377.0,0,0,0,0,0,0,0,1,0,0,0,0,0,0,0,0
145,246,Honeyland,815082,56.0,31381.0,2.0,8.0,86.0,12477,13986.0,0,0,0,0,0,0,1,0,0,0,0,0,0,0,0,0
146,247,Life Itself,810454,100.0,131411.0,23.0,7.8,87.0,14711,12138.0,0,0,0,0,0,0,0,1,0,0,0,0,0,0,0,0
147,249,The Tillman Story,802535,28.0,52185.0,4.0,7.7,86.0,4514,10724.0,0,0,0,0,0,0,0,1,0,0,0,0,0,0,0,0
148,253,Up the Yangtze,783969,23.0,15851.0,1.0,7.5,84.0,1775,9877.0,0,0,0,0,0,0,0,1,0,0,0,0,0,0,0,0
149,256,To Be and to Have,777129,14.0,20528.0,3.0,7.8,87.0,7717,8197.0,0,0,0,0,0,0,0,1,0,0,0,0,0,0,0,0
150,259,For All Mankind,770132,9.0,33777.0,6.0,8.2,79.0,4998,3127.0,0,0,0,0,0,0,0,1,0,0,0,0,0,0,0,0
151,262,Seymour: An Introduction,743541,64.0,26587.0,2.0,7.4,83.0,1001,12390.0,0,0,0,0,0,0,0,1,0,0,0,0,0,0,0,0
152,267,Lost in La Mancha,732393,24.0,63303.0,8.0,7.3,74.0,11122,7966.0,0,0,0,0,0,0,0,1,0,0,0,0,0,0,0,0
153,273,The 11th Hour,707343,111.0,60853.0,4.0,7.3,63.0,5543,9625.0,0,0,0,0,0,0,0,0,0,0,0,0,0,0,0,1
154,275,Cartel Land,704352,65.0,15581.0,2.0,7.4,76.0,17671,12502.0,0,0,0,0,0,0,0,1,0,0,0,0,0,0,0,0
155,277,Tabloid,696921,37.0,91201.0,14.0,7.0,74.0,6571,11053.0,0,0,0,0,0,0,0,1,0,0,0,0,0,0,0,0
156,278,Muscle Shoals,696241,56.0,13901.0,1.0,7.7,75.0,3453,11858.0,0,0,0,0,0,0,0,1,0,0,0,0,0,0,0,0
157,279,Red Army,694600,84.0,20100.0,3.0,7.6,83.0,6553,12341.0,0,0,0,0,0,0,0,1,0,0,0,0,0,0,0,0
158,282,Inside Deep Throat,691880,27.0,88709.0,12.0,6.7,64.0,6445,8708.0,0,0,0,0,0,0,0,1,0,0,0,0,0,0,0,0
159,285,The King of Kong: A Fistful of Quarters,677914,58.0,51493.0,5.0,8.1,83.0,34450,9625.0,0,0,0,0,0,0,0,1,0,0,0,0,0,0,0,0
160,287,Anvil: The Story of Anvil,667911,27.0,34651.0,3.0,7.9,82.0,15462,10227.0,0,0,0,0,0,0,0,1,0,0,0,0,0,0,0,0
161,288,Jodorowsky's Dune,647280,61.0,36018.0,3.0,8.1,79.0,21327,12033.0,0,0,0,0,0,0,0,1,0,0,0,0,0,0,0,0
162,290,City of Gold,640979,50.0,62959.0,4.0,7.2,72.0,914,12754.0,0,0,0,0,0,0,0,1,0,0,0,0,0,0,0,0
163,291,Dust to Glory,640013,80.0,15757.0,2.0,7.5,61.0,928,8757.0,0,0,0,0,0,0,0,1,0,0,0,0,0,0,0,0
164,292,The Greatest Movie Ever Sold,638476,141.0,118294.0,18.0,6.6,66.0,14536,10969.0,0,0,0,0,0,0,0,1,0,0,0,0,0,0,0,0
165,293,The Last Lions,635325,61.0,53344.0,4.0,8.3,69.0,3991,10906.0,0,0,0,0,0,1,0,0,0,0,0,0,0,0,0,0
166,296,"Love, Gilda",626318,112.0,189639.0,82.0,7.4,74.0,1320,13678.0,0,0,0,0,0,0,0,1,0,0,0,0,0,0,0,0
167,299,Tickled,613956,53.0,21898.0,2.0,7.6,76.0,16063,12852.0,0,0,0,0,0,0,0,1,0,0,0,0,0,0,0,0
168,301,The Filth and the Fury,612192,29.0,13305.0,1.0,7.7,82.0,5544,6928.0,0,0,0,0,0,0,0,1,0,0,0,0,0,0,0,0
169,302,Gunner Palace,607844,56.0,63520.0,8.0,6.6,70.0,1884,8729.0,0,0,0,0,0,0,0,1,0,0,0,0,0,0,0,0
170,306,Lo and Behold: Reveries of the Connected World,594912,51.0,114273.0,39.0,7.0,76.0,11745,12915.0,0,0,0,0,0,0,0,1,0,0,0,0,0,0,0,0
171,307,Tarnation,592014,22.0,12740.0,1.0,7.1,87.0,6314,8580.0,0,0,0,0,0,0,0,1,0,0,0,0,0,0,0,0
172,311,Gleason,583664,148.0,91583.0,9.0,8.4,80.0,2524,12894.0,0,0,0,0,0,0,0,1,0,0,0,0,0,0,0,0
173,313,Pick of the Litter,578717,60.0,16519.0,2.0,7.6,64.0,1131,13657.0,0,0,0,0,0,0,0,1,0,0,0,0,0,0,0,0
174,316,The Weather Underground,564632,14.0,13984.0,1.0,7.4,77.0,3411,8090.0,0,0,0,0,0,0,0,1,0,0,0,0,0,0,0,0
175,317,Hands on a Hardbody: The Documentary,563482,6.0,7607.0,1.0,7.6,82.0,1738,6300.0,0,0,0,0,0,0,0,1,0,0,0,0,0,0,0,0
176,318,Undefeated,562218,21.0,33165.0,5.0,7.7,71.0,6709,11270.0,0,0,0,0,0,0,0,1,0,0,0,0,0,0,0,0
177,322,The Art of the Steal,544890,34.0,39019.0,3.0,7.6,75.0,2231,10549.0,0,0,0,0,0,0,0,1,0,0,0,0,0,0,0,0
178,326,Ai Weiwei: Never Sorry,534100,37.0,41104.0,5.0,7.6,81.0,4181,11431.0,0,0,0,0,0,0,0,1,0,0,0,0,0,0,0,0
179,329,Human Flow,527845,36.0,45677.0,3.0,7.0,77.0,2351,13335.0,0,0,0,0,0,0,0,1,0,0,0,0,0,0,0,0
180,332,Trouble the Water,520151,15.0,28606.0,3.0,7.3,83.0,1913,9996.0,0,0,0,0,0,0,0,1,0,0,0,0,0,0,0,0
181,336,The Black Panthers: Vanguard of the Revolution,516893,12.0,20215.0,1.0,7.3,79.0,1805,12563.0,0,0,0,0,0,0,0,1,0,0,0,0,0,0,0,0
182,337,The Trials of Henry Kissinger,516726,8.0,14667.0,1.0,7.6,72.0,1916,7838.0,0,0,0,0,0,0,0,1,0,0,0,0,0,0,0,0
183,339,"Mr. Death: The Rise and Fall of Fred A. Leuchter, Jr.",507941,28.0,24125.0,3.0,7.5,78.0,5293,6837.0,0,0,0,0,1,0,0,0,0,0,0,0,0,0,0,0
184,343,Steve Jobs: The Man in the Machine,494506,68.0,140064.0,68.0,6.9,72.0,5754,12565.0,0,0,0,0,0,0,0,1,0,0,0,0,0,0,0,0
185,344,The Act of Killing,486919,29.0,27450.0,1.0,8.2,91.0,34501,11788.0,0,0,0,0,0,0,0,1,0,0,0,0,0,0,0,0
186,346,The Flat,471842,27.0,19916.0,3.0,6.9,83.0,1456,11515.0,0,0,0,0,0,0,0,1,0,0,0,0,0,0,0,0
187,350,Last Days in Vietnam,466114,25.0,30500.0,2.0,7.6,86.0,3676,12201.0,0,0,0,0,0,0,0,1,0,0,0,0,0,0,0,0
188,351,Scotty and the Secret History of Hollywood,461689,34.0,28144.0,1.0,6.6,67.0,1070,13622.0,0,0,0,0,0,0,0,1,0,0,0,0,0,0,0,0
189,353,The Most Dangerous Man in America: Daniel Ellsberg and the Pentagon Papers,453993,12.0,1114.0,1.0,7.7,75.0,2239,10521.0,0,0,0,0,0,0,0,1,0,0,0,0,0,0,0,0
190,355,I Am Trying to Break Your Heart,445522,13.0,10776.0,1.0,7.5,66.0,2008,7777.0,0,0,0,0,0,0,0,1,0,0,0,0,0,0,0,0
191,358,Gimme Danger,440627,71.0,44725.0,3.0,7.2,72.0,4879,12985.0,0,0,0,0,0,0,0,1,0,0,0,0,0,0,0,0
192,364,Listen to Me Marlon,425831,38.0,30068.0,2.0,8.2,87.0,6902,12528.0,0,0,0,0,0,0,0,1,0,0,0,0,0,0,0,0
193,365,Hail Satan?,424284,67.0,26496.0,3.0,7.3,76.0,5169,13886.0,0,0,0,0,0,0,0,1,0,0,0,0,0,0,0,0
194,366,Sound City,422853,50.0,62842.0,16.0,7.8,76.0,12030,11620.0,0,0,0,0,0,0,0,1,0,0,0,0,0,0,0,0
195,367,She's Beautiful When She's Angry,421573,19.0,10505.0,1.0,7.8,80.0,1462,12292.0,0,0,0,0,0,0,0,1,0,0,0,0,0,0,0,0
196,370,Heart of a Dog,420813,22.0,13893.0,1.0,7.1,84.0,2058,12612.0,0,0,0,0,0,0,0,1,0,0,0,0,0,0,0,0
197,372,In the Realms of the Unreal,417120,13.0,15477.0,3.0,7.3,74.0,2063,8657.0,0,0,0,0,0,0,0,1,0,0,0,0,0,0,0,0
198,373,Project Nim,411184,22.0,25820.0,4.0,7.4,83.0,8135,11046.0,0,0,0,0,0,0,0,1,0,0,0,0,0,0,0,0
199,374,Janis: Little Girl Blue,410465,26.0,21861.0,2.0,7.4,74.0,4908,12649.0,0,0,0,0,0,0,0,1,0,0,0,0,0,0,0,0
200,375,Unbranded,410185,80.0,141416.0,80.0,7.4,64.0,1347,12586.0,0,0,0,0,0,0,0,1,0,0,0,0,0,0,0,0
201,377,The Hunting Ground,405917,25.0,22464.0,2.0,7.4,77.0,5829,12376.0,0,0,0,0,0,0,0,1,0,0,0,0,0,0,0,0
202,382,End of the Century,391950,10.0,18422.0,1.0,8.0,74.0,3509,8533.0,0,0,0,0,0,0,0,1,0,0,0,0,0,0,0,0
203,383,Detropia,390024,24.0,17414.0,1.0,6.4,68.0,1542,11473.0,0,0,0,0,0,0,0,1,0,0,0,0,0,0,0,0
204,386,Dirty Wars,384473,31.0,63504.0,4.0,7.5,76.0,8957,11746.0,0,0,0,0,0,0,0,1,0,0,0,0,0,0,0,0
205,387,The Armstrong Lie,383294,77.0,28992.0,5.0,7.3,67.0,7181,11900.0,0,0,0,0,0,0,0,1,0,0,0,0,0,0,0,0
206,394,Grace Jones: Bloodlight and Bami,375208,36.0,56171.0,3.0,6.2,75.0,980,13517.0,0,0,0,0,0,0,0,1,0,0,0,0,0,0,0,0
207,400,Glen Campbell: I'll Be Me,365422,18.0,86741.0,10.0,8.0,79.0,1479,12250.0,0,0,0,0,0,0,0,1,0,0,0,0,0,0,0,0
208,401,Mountain,365412,35.0,6067.0,1.0,7.2,82.0,3625,13545.0,0,0,0,0,0,0,0,1,0,0,0,0,0,0,0,0
209,408,Long Strange Trip - The Untold Story of The Grateful Dead,351957,56.0,33272.0,56.0,8.2,78.0,1322,13194.0,0,0,0,0,0,0,0,1,0,0,0,0,0,0,0,0
210,412,Happy People: A Year in the Taiga,338987,23.0,10481.0,1.0,7.7,74.0,7624,11613.0,0,0,0,0,0,0,0,1,0,0,0,0,0,0,0,0
211,413,Kings of Pastry,336386,10.0,15162.0,2.0,6.9,69.0,1043,10750.0,0,0,0,0,0,0,0,1,0,0,0,0,0,0,0,0
212,414,The Devil and Daniel Johnston,334450,17.0,23192.0,5.0,7.9,77.0,9213,9121.0,0,0,0,0,0,0,0,1,0,0,0,0,0,0,0,0
213,415,Ballet 422,333554,27.0,27653.0,2.0,6.2,74.0,1100,12355.0,0,0,0,0,0,0,0,1,0,0,0,0,0,0,0,0
214,417,The Central Park Five,325653,22.0,30570.0,3.0,7.7,79.0,6865,11550.0,0,0,0,0,0,0,0,1,0,0,0,0,0,0,0,0
215,419,A Film Unfinished,320486,16.0,34060.0,4.0,7.4,88.0,1698,10722.0,0,0,0,0,0,0,0,1,0,0,0,0,0,0,0,0
216,422,Bukowski: Born into This,318816,8.0,27095.0,5.0,7.9,77.0,3317,8449.0,0,0,0,0,0,0,0,1,0,0,0,0,0,0,0,0
217,423,Trekkies,318246,339.0,125636.0,339.0,6.9,64.0,4709,6615.0,0,0,0,0,0,0,0,0,0,1,0,0,0,0,0,0
218,428,Grass,313039,10.0,21578.0,2.0,7.2,64.0,3437,6991.0,0,0,0,0,0,0,0,1,0,0,0,0,0,0,0,0
219,429,For the Bible Tells Me So,312751,15.0,7412.0,1.0,7.8,73.0,4321,9674.0,0,0,0,0,0,0,0,1,0,0,0,0,0,0,0,0
220,430,The Hornet's Nest,312706,57.0,26550.0,4.0,6.7,61.0,2285,12082.0,0,0,0,0,0,0,0,1,0,0,0,0,0,0,0,0
221,431,L'amour fou,312494,18.0,37250.0,2.0,6.8,63.0,962,10990.0,0,0,0,0,0,0,0,1,0,0,0,0,0,0,0,0
222,432,West of Memphis,310154,40.0,13360.0,5.0,7.9,80.0,9719,11582.0,0,0,0,0,0,0,0,1,0,0,0,0,0,0,0,0
223,435,Bigger Stronger Faster*,308575,26.0,31576.0,6.0,7.6,80.0,13042,9912.0,0,0,0,0,0,0,0,1,0,0,0,0,0,0,0,0
224,436,Merchants of Doubt,308156,30.0,20300.0,4.0,7.7,70.0,3571,12383.0,0,0,0,0,0,0,0,1,0,0,0,0,0,0,0,0
225,437,Aquarela,307346,69.0,24753.0,5.0,6.6,80.0,1070,14007.0,0,0,0,0,0,0,0,1,0,0,0,0,0,0,0,0
226,439,This Film Is Not Yet Rated,306845,18.0,30664.0,2.0,7.5,75.0,27228,9275.0,0,0,0,0,0,0,0,1,0,0,0,0,0,0,0,0
227,442,Being Elmo: A Puppeteer's Journey,304052,15.0,22963.0,1.0,7.6,71.0,6693,11151.0,0,0,0,0,0,0,0,1,0,0,0,0,0,0,0,0
228,444,God Grew Tired of Us,301447,10.0,21858.0,2.0,7.9,72.0,2726,9408.0,0,0,0,0,0,0,0,1,0,0,0,0,0,0,0,0
229,445,Crazy Love,301027,38.0,17952.0,3.0,7.1,69.0,2376,9548.0,0,0,0,0,0,0,0,1,0,0,0,0,0,0,0,0
230,446,42 Up,300880,5.0,11599.0,1.0,8.2,86.0,2380,6795.0,0,0,0,0,0,0,0,1,0,0,0,0,0,0,0,0
231,448,Room 237,296359,28.0,29693.0,2.0,6.2,80.0,20729,11676.0,0,0,0,0,0,0,0,1,0,0,0,0,0,0,0,0
232,452,Antarctica: A Year on Ice,288757,30.0,32238.0,8.0,7.6,69.0,3289,12285.0,0,0,0,0,0,0,0,1,0,0,0,0,0,0,0,0
233,455,Something from Nothing: The Art of Rap,288000,157.0,150337.0,157.0,7.2,66.0,3309,11389.0,0,0,0,0,0,0,0,1,0,0,0,0,0,0,0,0
234,457,Outrage,287198,18.0,32589.0,5.0,7.5,64.0,1579,10255.0,0,0,0,0,0,0,0,1,0,0,0,0,0,0,0,0
235,460,The Interrupters,282448,10.0,7920.0,1.0,7.5,86.0,3420,11067.0,0,0,0,0,0,0,0,1,0,0,0,0,0,0,0,0
236,463,American Hardcore,279665,19.0,18102.0,1.0,7.4,69.0,3275,9296.0,0,0,0,0,0,0,0,1,0,0,0,0,0,0,0,0
237,464,"20,000 Days on Earth",279558,28.0,27879.0,1.0,7.5,83.0,10786,12213.0,0,0,0,0,0,0,0,1,0,0,0,0,0,0,0,0
238,465,The Unknown Known,276497,80.0,64315.0,18.0,7.0,69.0,3865,12047.0,0,0,0,0,0,0,0,1,0,0,0,0,0,0,0,0
239,468,Taxi to the Dark Side,274661,20.0,10930.0,2.0,7.4,82.0,14728,9779.0,0,0,0,0,0,0,0,1,0,0,0,0,0,0,0,0
240,469,Planet B-Boy,273870,14.0,27777.0,2.0,7.7,63.0,961,9842.0,0,0,0,0,0,0,0,1,0,0,0,0,0,0,0,0
241,470,The Black Power Mixtape 1967-1975,273749,13.0,17316.0,2.0,7.6,73.0,2065,11109.0,0,0,0,0,0,0,0,1,0,0,0,0,0,0,0,0
242,473,Countdown to Zero,272040,28.0,41307.0,3.0,6.9,70.0,2151,10696.0,0,0,0,0,0,0,0,1,0,0,0,0,0,0,0,0
243,474,Deep Water,271143,17.0,22632.0,2.0,7.8,80.0,2932,9632.0,0,0,0,0,0,0,0,1,0,0,0,0,0,0,0,0
244,475,One Child Nation,270128,36.0,20523.0,2.0,7.5,85.0,4215,14000.0,0,0,0,0,0,0,0,1,0,0,0,0,0,0,0,0
245,477,Surfwise,269994,13.0,10304.0,1.0,7.2,72.0,1431,9891.0,0,0,0,0,0,0,0,1,0,0,0,0,0,0,0,0
246,481,Conan O'Brien Can't Stop,267965,24.0,97043.0,24.0,7.0,64.0,6020,11032.0,0,0,0,0,0,0,0,1,0,0,0,0,0,0,0,0
247,489,Hitchcock/Truffaut,260430,23.0,28178.0,3.0,7.4,79.0,5711,12654.0,0,0,0,0,0,0,0,1,0,0,0,0,0,0,0,0
248,490,The King,259291,45.0,29050.0,2.0,6.6,70.0,941,13587.0,0,0,0,0,0,0,0,1,0,0,0,0,0,0,0,0
249,491,The Green Prince,258237,24.0,32698.0,4.0,7.2,67.0,2563,12208.0,0,0,0,0,0,0,0,1,0,0,0,0,0,0,0,0
250,492,Mayor of the Sunset Strip,257315,18.0,21722.0,7.0,7.0,71.0,1460,8386.0,0,0,0,0,0,0,0,1,0,0,0,0,0,0,0,0
251,494,Alive Inside: A Story of Music and Memory,256682,20.0,7200.0,1.0,8.2,67.0,2934,12152.0,0,0,0,0,0,0,0,1,0,0,0,0,0,0,0,0
252,495,Jean-Michel Basquiat: The Radiant Child,256242,7.0,17466.0,1.0,7.8,74.0,2042,10694.0,0,0,0,0,0,0,0,1,0,0,0,0,0,0,0,0
253,496,"Life, Animated",255388,60.0,21883.0,3.0,7.5,75.0,5570,12866.0,0,0,0,0,0,0,0,1,0,0,0,0,0,0,0,0
254,497,The Yes Men,255364,32.0,24373.0,3.0,6.9,68.0,5557,8568.0,0,0,0,0,0,0,0,0,0,0,0,0,1,0,0,0
255,499,The War Tapes,254190,9.0,12268.0,1.0,7.3,77.0,1213,9184.0,0,0,0,0,0,0,0,1,0,0,0,0,0,0,0,0
256,500,National Gallery,253941,15.0,10049.0,1.0,7.3,89.0,1365,12262.0,0,0,0,0,0,0,0,1,0,0,0,0,0,0,0,0
257,504,Meeting Gorbachev,251837,42.0,18128.0,2.0,7.2,73.0,1516,13902.0,0,0,0,0,0,0,0,1,0,0,0,0,0,0,0,0
258,506,Joe Strummer: The Future Is Unwritten,248362,17.0,20880.0,2.0,7.6,79.0,3721,9702.0,0,0,0,0,0,0,0,1,0,0,0,0,0,0,0,0
259,508,The Galapagos Affair: Satan Came to Eden,247159,15.0,5185.0,1.0,6.7,69.0,1309,12047.0,0,0,0,0,0,0,0,1,0,0,0,0,0,0,0,0
260,513,The Summit,243550,70.0,20904.0,8.0,6.9,63.0,4483,11865.0,0,0,0,0,0,0,0,1,0,0,0,0,0,0,0,0
261,514,Oasis: Supersonic,242867,106.0,16880.0,14.0,7.9,71.0,9957,12983.0,0,0,0,0,0,0,0,1,0,0,0,0,0,0,0,0
262,517,49 Up,241772,21.0,53277.0,21.0,8.2,84.0,2606,9310.0,0,0,0,0,0,0,0,1,0,0,0,0,0,0,0,0
263,518,Manufactured Landscapes,240239,12.0,9129.0,1.0,7.3,79.0,2778,9567.0,0,0,0,0,0,0,0,1,0,0,0,0,0,0,0,0
264,519,The Beaches of Agnès,239711,7.0,19032.0,3.0,8.0,86.0,3232,10310.0,0,0,0,0,0,0,0,1,0,0,0,0,0,0,0,0
265,524,El Bulli: Cooking in Progress,237181,10.0,12756.0,1.0,6.4,61.0,1067,11065.0,0,0,0,0,0,0,0,1,0,0,0,0,0,0,0,0
266,526,Art and Craft,235037,20.0,20879.0,2.0,7.1,68.0,1462,12215.0,0,0,0,0,0,0,0,1,0,0,0,0,0,0,0,0
267,529,My Kid Could Paint That,231574,20.0,26290.0,8.0,7.1,74.0,3166,9674.0,0,0,0,0,0,0,0,1,0,0,0,0,0,0,0,0
268,530,A Place at the Table,231378,35.0,92257.0,35.0,6.8,68.0,1115,11648.0,0,0,0,0,0,0,0,1,0,0,0,0,0,0,0,0
269,531,Matangi/Maya/M.I.A,230808,9.0,43573.0,2.0,7.5,70.0,1683,13685.0,0,0,0,0,0,0,0,1,0,0,0,0,0,0,0,0
270,532,Standard Operating Procedure,229117,21.0,14108.0,2.0,7.4,70.0,3804,9877.0,0,0,0,0,0,0,0,1,0,0,0,0,0,0,0,0
271,540,Into the Abyss,223880,30.0,47559.0,12.0,7.3,74.0,15641,11172.0,0,0,0,0,0,0,0,1,0,0,0,0,0,0,0,0
272,543,New York Doll,219672,11.0,17583.0,5.0,7.7,72.0,1656,8967.0,0,0,0,0,0,0,0,1,0,0,0,0,0,0,0,0
273,552,Supermensch: The Legend of Shep Gordon,213064,46.0,23017.0,4.0,7.4,64.0,3133,12110.0,0,0,0,0,0,0,0,1,0,0,0,0,0,0,0,0
274,555,The House I Live In,210752,12.0,16453.0,2.0,7.9,77.0,5147,11501.0,0,0,0,0,0,0,0,1,0,0,0,0,0,0,0,0
275,556,Mondovino,209618,8.0,9840.0,1.0,7.1,67.0,1400,8748.0,0,0,0,0,0,0,0,1,0,0,0,0,0,0,0,0
276,563,Sweetgrass,207473,9.0,9870.0,1.0,6.8,80.0,941,10498.0,0,0,0,0,0,0,0,1,0,0,0,0,0,0,0,0
277,568,Iraq in Fragments,204462,12.0,24435.0,7.0,7.3,84.0,1391,9343.0,0,0,0,0,0,0,0,1,0,0,0,0,0,0,0,0
278,569,Darwin's Nightmare,203746,6.0,8072.0,1.0,7.5,84.0,5329,8881.0,0,0,0,0,0,0,0,1,0,0,0,0,0,0,0,0
279,571,Deliver Us from Evil,201275,24.0,15656.0,4.0,7.9,86.0,9753,9317.0,0,0,0,0,1,0,0,0,0,0,0,0,0,0,0,0
280,574,Risk,200219,45.0,76327.0,34.0,6.3,72.0,2047,13174.0,0,0,0,0,0,0,1,0,0,0,0,0,0,0,0,0
281,575,Cutie and the Boxer,200036,16.0,21098.0,3.0,7.2,83.0,4467,11816.0,0,0,0,0,0,0,0,1,0,0,0,0,0,0,0,0
282,577,Studio 54,199767,14.0,14909.0,1.0,7.0,70.0,2188,13692.0,0,0,0,0,0,0,0,1,0,0,0,0,0,0,0,0
283,581,The Yes Men Fix the World,194533,16.0,1242.0,2.0,7.6,71.0,5094,10395.0,0,0,0,0,0,0,0,1,0,0,0,0,0,0,0,0
284,584,The Final Year,191900,39.0,67971.0,35.0,6.4,67.0,2744,13433.0,0,0,0,0,0,0,0,1,0,0,0,0,0,0,0,0
285,587,Client 9: The Rise and Fall of Eliot Spitzer,189416,17.0,16962.0,3.0,7.4,68.0,2167,10801.0,0,0,0,0,0,0,0,1,0,0,0,0,0,0,0,0
286,590,Waste Land,187716,8.0,9806.0,1.0,7.9,78.0,8250,10794.0,0,0,0,0,0,0,0,1,0,0,0,0,0,0,0,0
287,596,Whose Streets?,182799,39.0,43804.0,24.0,5.3,79.0,1186,13272.0,0,0,0,0,0,0,0,1,0,0,0,0,0,0,0,0
288,597,Winnebago Man,181039,12.0,16469.0,2.0,7.2,71.0,4581,10682.0,0,0,0,0,0,0,0,1,0,0,0,0,0,0,0,0
289,598,An Honest Liar,180590,15.0,13821.0,2.0,7.5,76.0,9137,12383.0,0,0,0,0,0,0,0,1,0,0,0,0,0,0,0,0
290,604,Chicago 10,177490,14.0,42724.0,14.0,7.3,69.0,1210,9821.0,0,0,0,0,0,0,0,1,0,0,0,0,0,0,0,0
291,607,Casino Jack and the United States of Money,176865,21.0,28234.0,9.0,7.1,68.0,1564,10619.0,0,0,0,0,0,0,0,1,0,0,0,0,0,0,0,0
292,609,An Unreasonable Man,176647,11.0,9813.0,1.0,7.9,75.0,1644,9427.0,0,0,0,0,0,0,0,1,0,0,0,0,0,0,0,0
293,617,All Things Must Pass,172394,14.0,19001.0,2.0,7.3,73.0,2956,12607.0,0,0,0,0,0,0,0,1,0,0,0,0,0,0,0,0
294,619,David Lynch: The Art Life,171419,8.0,10823.0,1.0,7.2,75.0,4951,13139.0,0,0,0,0,0,0,0,1,0,0,0,0,0,0,0,0
295,626,We Steal Secrets,166243,25.0,27689.0,4.0,6.9,76.0,7376,11732.0,0,0,0,0,0,0,0,1,0,0,0,0,0,0,0,0
296,628,De fem benspænd,165845,3.0,8940.0,1.0,7.5,79.0,8023,8447.0,0,0,0,0,0,0,0,1,0,0,0,0,0,0,0,0
297,629,De Palma,165237,19.0,30355.0,3.0,7.4,83.0,4794,12845.0,0,0,0,0,0,0,0,1,0,0,0,0,0,0,0,0
298,631,Nas: Time Is Illmatic,164540,43.0,23200.0,2.0,7.1,72.0,2740,12227.0,0,0,0,0,0,0,0,1,0,0,0,0,0,0,0,0
299,633,Nostalgia for the Light,163962,6.0,5664.0,1.0,7.6,91.0,4875,10870.0,0,0,0,0,0,0,0,1,0,0,0,0,0,0,0,0
300,634,Keep on Keepin' On,163745,9.0,12930.0,2.0,7.8,77.0,937,12215.0,0,0,0,0,0,0,0,1,0,0,0,0,0,0,0,0
301,638,The Witness,159305,15.0,14523.0,1.0,7.0,79.0,3917,12838.0,0,0,0,0,0,0,0,1,0,0,0,0,0,0,0,0
302,641,Ex Libris: New York Public Library,158192,15.0,10926.0,1.0,7.4,91.0,1069,13305.0,0,0,0,0,0,0,0,1,0,0,0,0,0,0,0,0
303,647,One Day in September,156818,5.0,15149.0,5.0,7.8,82.0,5604,7161.0,0,0,0,0,0,0,0,1,0,0,0,0,0,0,0,0
304,650,The Gleaners & I,155320,4.0,12655.0,2.0,7.7,83.0,5822,7271.0,0,0,0,0,0,0,0,1,0,0,0,0,0,0,0,0
305,664,Revenge of the Electric Car,150886,11.0,17482.0,2.0,7.2,63.0,1745,11151.0,0,0,0,0,0,0,0,1,0,0,0,0,0,0,0,0
306,665,Stoked: The Rise and Fall of Gator,150268,13.0,10998.0,1.0,7.2,69.0,1024,8169.0,0,0,0,0,0,0,0,1,0,0,0,0,0,0,0,0
307,666,Seasons,150092,22.0,27134.0,13.0,7.3,67.0,1470,13013.0,0,0,0,0,0,0,0,1,0,0,0,0,0,0,0,0
308,668,Eating Animals,149614,25.0,34524.0,2.0,7.3,69.0,919,13580.0,0,0,0,0,0,0,0,1,0,0,0,0,0,0,0,0
309,672,Jonestown: The Life and Death of Peoples Temple,148292,5.0,7482.0,1.0,7.8,79.0,4951,9324.0,0,0,0,0,0,0,0,1,0,0,0,0,0,0,0,0
310,676,Framing John DeLorean,145625,28.0,6991.0,1.0,6.5,67.0,1262,13937.0,0,0,0,0,0,0,0,1,0,0,0,0,0,0,0,0
311,678,Narco Cultura,145088,46.0,6093.0,1.0,7.2,74.0,2366,11914.0,0,0,0,0,0,0,0,1,0,0,0,0,0,0,0,0
312,679,Once in a Lifetime: The Extraordinary Story of the New York Cosmos,144601,12.0,9805.0,1.0,7.2,67.0,1426,9219.0,0,0,0,0,0,0,0,1,0,0,0,0,0,0,0,0
313,681,Kids for Cash,143178,12.0,36639.0,4.0,7.1,75.0,1869,11991.0,0,0,0,0,0,0,0,1,0,0,0,0,0,0,0,0
314,682,Flow: For Love of Water,142569,11.0,3644.0,1.0,7.6,67.0,1110,9842.0,0,0,0,0,0,0,0,1,0,0,0,0,0,0,0,0
315,685,Gore Vidal: The United States of Amnesia,140164,11.0,13744.0,2.0,7.7,72.0,1204,12096.0,0,0,0,0,0,0,0,1,0,0,0,0,0,0,0,0
316,687,Mistaken for Strangers,138991,9.0,87743.0,9.0,7.3,72.0,4282,12040.0,0,0,0,0,0,0,0,1,0,0,0,0,0,0,0,0
317,689,Ingrid Bergman: In Her Own Words,138148,13.0,8355.0,1.0,7.4,75.0,1948,12635.0,0,0,0,0,0,0,0,1,0,0,0,0,0,0,0,0
318,691,Is the Man Who Is Tall Happy?,137042,15.0,31800.0,3.0,7.1,76.0,3360,11914.0,0,0,0,0,0,0,0,1,0,0,0,0,0,0,0,0
319,692,The Other Dream Team,135228,14.0,19821.0,2.0,8.4,69.0,3429,11494.0,0,0,0,0,0,0,0,1,0,0,0,0,0,0,0,0
320,693,Concert for George,134600,105.0,67711.0,105.0,8.6,82.0,1834,8211.0,0,0,0,0,0,0,0,1,0,0,0,0,0,0,0,0
321,699,The Devil Came on Horseback,132782,7.0,11143.0,1.0,7.7,78.0,1541,9602.0,0,0,0,0,0,0,0,1,0,0,0,0,0,0,0,0
322,702,Deep Blue,132261,5.0,8373.0,2.0,7.4,71.0,2826,8820.0,0,0,0,0,0,0,0,1,0,0,0,0,0,0,0,0
323,704,How to Survive a Plague,132055,15.0,28250.0,4.0,7.6,86.0,3738,11487.0,0,0,0,0,0,0,0,1,0,0,0,0,0,0,0,0
324,708,4 Little Girls,130146,4.0,13528.0,1.0,7.8,88.0,2798,5934.0,0,0,0,0,0,0,0,1,0,0,0,0,0,0,0,0
325,709,Be Here to Love Me: A Film About Townes Van Zandt,129988,5.0,9098.0,1.0,7.8,69.0,1208,9002.0,0,0,0,0,0,0,0,1,0,0,0,0,0,0,0,0
326,710,I Called Him Morgan,128986,11.0,12902.0,1.0,7.3,90.0,1444,13132.0,0,0,0,0,0,0,0,1,0,0,0,0,0,0,0,0
327,712,City of Ghosts,128015,18.0,13601.0,2.0,7.4,86.0,3422,13237.0,0,0,0,0,0,0,0,1,0,0,0,0,0,0,0,0
328,715,A Band Called Death,127257,16.0,34839.0,15.0,7.5,77.0,3498,11767.0,0,0,0,0,0,0,0,1,0,0,0,0,0,0,0,0
329,716,Dig!,127067,10.0,20437.0,2.0,7.8,76.0,5949,8575.0,0,0,0,0,0,0,0,1,0,0,0,0,0,0,0,0
330,717,Unknown White Male,126836,11.0,24591.0,4.0,6.6,65.0,1011,9086.0,0,0,0,0,0,0,0,1,0,0,0,0,0,0,0,0
331,867,Woodstock,84440,11.0,8150.0,2.0,8.2,95.0,15763,13923.0,0,0,0,0,0,0,0,1,0,0,0,0,0,0,0,0
332,867,Woodstock,84440,11.0,8150.0,2.0,7.6,67.0,1304,13923.0,0,0,0,0,0,0,0,1,0,0,0,0,0,0,0,0
333,723,The Square,124244,9.0,16359.0,1.0,8.1,84.0,8508,11886.0,0,0,0,0,0,0,0,1,0,0,0,0,0,0,0,0
334,727,Manda Bala (Send a Bullet),122905,9.0,14030.0,1.0,7.2,71.0,1118,9625.0,0,0,0,0,0,0,0,1,0,0,0,0,0,0,0,0
335,728,The Punk Singer,122742,24.0,24729.0,3.0,7.4,75.0,2694,11921.0,0,0,0,0,0,0,0,1,0,0,0,0,0,0,0,0
336,729,The Kingmaker,122587,18.0,19523.0,2.0,7.6,76.0,1284,14091.0,0,0,0,0,0,0,0,1,0,0,0,0,0,0,0,0
337,738,Examined Life,120712,6.0,12085.0,1.0,7.1,64.0,1630,10183.0,0,0,0,0,0,0,0,1,0,0,0,0,0,0,0,0
338,741,Do I Sound Gay?,119388,18.0,10461.0,1.0,5.7,65.0,1802,12509.0,0,0,0,0,0,0,0,1,0,0,0,0,0,0,0,0
339,743,The Great Buster,118344,14.0,7107.0,2.0,7.5,71.0,1026,13692.0,0,0,0,0,0,0,0,1,0,0,0,0,0,0,0,0
340,746,Ryuichi Sakamoto: Coda,117460,9.0,12827.0,1.0,7.7,78.0,1077,13601.0,0,0,0,0,0,0,0,1,0,0,0,0,0,0,0,0
341,749,Beware of Mr. Baker,116476,15.0,12195.0,1.0,7.6,78.0,3210,11555.0,0,0,0,0,0,0,0,1,0,0,0,0,0,0,0,0
342,753,War Dance,115210,10.0,15471.0,3.0,7.8,68.0,1113,9709.0,0,0,0,0,0,0,0,1,0,0,0,0,0,0,0,0
343,755,Sound and Fury,114882,6.0,7104.0,2.0,7.9,85.0,943,7138.0,0,0,0,0,0,0,0,1,0,0,0,0,0,0,0,0
344,760,Abacus: Small Enough to Jail,113278,8.0,12528.0,1.0,7.2,73.0,2615,13188.0,0,0,0,0,0,0,0,1,0,0,0,0,0,0,0,0
345,763,Spinning Plates,112449,6.0,20717.0,3.0,7.1,65.0,915,11886.0,0,0,0,0,0,0,0,1,0,0,0,0,0,0,0,0
346,765,"Hale County This Morning, This Evening",112282,8.0,8640.0,2.0,6.3,85.0,1754,13671.0,0,0,0,0,0,0,0,1,0,0,0,0,0,0,0,0
347,767,Marwencol,112036,6.0,3276.0,1.0,7.6,82.0,3380,10773.0,0,0,0,0,0,0,0,1,0,0,0,0,0,0,0,0
348,768,Rich Hill,111376,28.0,9635.0,1.0,7.2,75.0,2177,12166.0,0,0,0,0,0,0,0,1,0,0,0,0,0,0,0,0
349,770,The Overnighters,110763,23.0,4324.0,1.0,7.4,89.0,2323,12236.0,0,0,0,0,0,0,0,1,0,0,0,0,0,0,0,0
350,772,Word Wars,110617,5.0,7559.0,1.0,6.9,61.0,1643,8449.0,0,0,0,0,0,0,0,1,0,0,0,0,0,0,0,0
351,774,5 Broken Cameras,109983,9.0,6674.0,1.0,7.9,78.0,5701,11373.0,0,0,0,0,0,0,0,1,0,0,0,0,0,0,0,0
352,775,Best Worst Movie,109895,2.0,5503.0,1.0,7.3,61.0,7643,10605.0,0,0,0,0,0,0,0,1,0,0,0,0,0,0,0,0
353,776,Zero Days,109649,20.0,49110.0,18.0,7.8,77.0,8679,12873.0,0,0,0,0,0,0,0,1,0,0,0,0,0,0,0,0
354,779,The Look of Silence,109089,14.0,6616.0,1.0,8.3,92.0,11533,12516.0,0,0,0,0,0,0,0,1,0,0,0,0,0,0,0,0
355,780,Trumbo,109057,6.0,28125.0,3.0,7.4,71.0,1000,9940.0,0,0,0,0,0,0,0,1,0,0,0,0,0,0,0,0
356,782,Bettie Page Reveals All,108118,21.0,4846.0,1.0,7.1,64.0,1348,11914.0,0,0,0,0,0,0,0,1,0,0,0,0,0,0,0,0
357,785,Ivory Tower,106771,12.0,17857.0,2.0,7.0,65.0,1271,12117.0,0,0,0,0,0,0,0,1,0,0,0,0,0,0,0,0
358,790,Big Star: Nothing Can Hurt Me,105998,9.0,15096.0,2.0,7.1,69.0,1221,11772.0,0,0,0,0,0,0,0,1,0,0,0,0,0,0,0,0
359,793,King Corn,105422,8.0,6753.0,1.0,7.0,70.0,1933,9681.0,0,0,0,0,0,0,0,1,0,0,0,0,0,0,0,0
360,796,Cold Case Hammarskjöld,104965,15.0,18285.0,10.0,7.5,76.0,1844,14007.0,0,0,0,0,0,0,0,1,0,0,0,0,0,0,0,0
361,797,Anthropocene: The Human Epoch,104806,110.0,16038.0,7.0,7.2,77.0,1332,14047.0,0,0,0,0,0,0,0,1,0,0,0,0,0,0,0,0
362,799,Stevie,103401,13.0,9383.0,4.0,7.8,72.0,2457,8022.0,0,0,0,0,1,0,0,0,0,0,0,0,0,0,0,0
363,802,Filmworker,102609,17.0,7984.0,1.0,7.4,73.0,2614,13545.0,0,0,0,0,0,0,0,1,0,0,0,0,0,0,0,0
364,803,Afghan Star,102115,5.0,3671.0,1.0,7.3,78.0,943,10304.0,0,0,0,0,0,0,0,1,0,0,0,0,0,0,0,0
365,804,Cameraperson,102033,7.0,12760.0,1.0,7.4,86.0,2302,12936.0,0,0,0,0,0,0,0,1,0,0,0,0,0,0,0,0
366,807,Score,101382,8.0,8088.0,1.0,7.5,67.0,3819,13216.0,0,0,0,0,0,0,0,1,0,0,0,0,0,0,0,0
367,808,Korengal,101310,11.0,14630.0,1.0,6.8,67.0,3646,12103.0,0,0,0,0,0,0,0,1,0,0,0,0,0,0,0,0
368,817,No Impact Man: The Documentary,100028,8.0,15215.0,2.0,6.7,66.0,1492,10381.0,0,0,0,0,0,0,0,1,0,0,0,0,0,0,0,0
369,820,Under Our Skin,98548,6.0,7043.0,1.0,7.9,63.0,955,10297.0,0,0,0,0,0,0,0,1,0,0,0,0,0,0,0,0
370,822,Aileen: Life and Death of a Serial Killer,97362,6.0,16158.0,3.0,7.1,71.0,6272,8309.0,0,0,0,0,0,0,0,1,0,0,0,0,0,0,0,0
371,824,Paragraph 175,96630,2.0,25007.0,2.0,7.7,85.0,1832,7096.0,0,0,0,0,0,0,0,1,0,0,0,0,0,0,0,0
372,827,Biggie and Tupac,94874,6.0,5728.0,1.0,6.8,63.0,4536,7833.0,0,0,0,0,0,0,0,1,0,0,0,0,0,0,0,0
373,843,Stranded: I've Come from a Plane That Crashed on the Mountains,89473,7.0,3077.0,1.0,8.1,82.0,1202,10057.0,0,0,0,0,0,0,0,1,0,0,0,0,0,0,0,0
374,846,Sunshine Superman,88097,21.0,8991.0,3.0,6.9,70.0,1268,12460.0,0,0,0,0,0,0,0,1,0,0,0,0,0,0,0,0
375,849,Advanced Style,87879,12.0,6500.0,1.0,7.3,66.0,934,12222.0,0,0,0,0,0,0,0,1,0,0,0,0,0,0,0,0
376,855,Kurt Cobain About a Son,87016,6.0,10749.0,2.0,7.4,69.0,3535,9672.0,0,0,0,0,0,0,0,1,0,0,0,0,0,0,0,0
377,856,Marina Abramovic: The Artist Is Present,86637,5.0,11041.0,2.0,7.9,74.0,5738,11387.0,0,0,0,0,0,0,0,1,0,0,0,0,0,0,0,0
378,859,Author: The JT LeRoy Story,85999,27.0,23413.0,5.0,7.1,72.0,1056,12936.0,0,0,0,0,0,0,0,1,0,0,0,0,0,0,0,0
379,865,Visitors,84577,13.0,9094.0,1.0,6.1,62.0,988,11977.0,0,0,0,0,0,0,0,1,0,0,0,0,0,0,0,0
380,870,12 O'Clock Boys,82614,21.0,44108.0,21.0,6.4,68.0,1307,11984.0,0,0,0,0,0,0,0,1,0,0,0,0,0,0,0,0
381,878,The Future of Food,81280,5.0,8721.0,2.0,7.8,65.0,1378,8923.0,0,0,0,0,0,0,0,1,0,0,0,0,0,0,0,0
382,879,Waking Sleeping Beauty,80741,5.0,33115.0,5.0,7.6,70.0,2567,10577.0,0,0,0,0,0,0,0,0,0,0,0,0,0,1,0,0
383,883,More Than Honey,79772,7.0,5225.0,1.0,7.6,70.0,3963,11751.0,0,0,0,0,0,0,0,1,0,0,0,0,0,0,0,0
384,893,The Island President,76398,5.0,13998.0,2.0,7.2,72.0,1157,11310.0,0,0,0,0,0,0,0,1,0,0,0,0,0,0,0,0
385,894,Leviathan,76202,5.0,10000.0,1.0,6.6,81.0,3287,11648.0,0,0,0,0,0,0,0,1,0,0,0,0,0,0,0,0
386,898,Whitey: United States of America v. James J. Bulger,75881,9.0,14287.0,3.0,6.8,71.0,2818,12131.0,0,0,0,0,0,0,0,1,0,0,0,0,0,0,0,0
387,899,Bill Nye: Science Guy,74909,9.0,7005.0,1.0,6.1,73.0,987,13349.0,0,0,0,0,0,0,0,1,0,0,0,0,0,0,0,0
388,900,Batkid Begins: The Wish Heard Around the World,74709,14.0,19437.0,4.0,6.8,63.0,1561,12495.0,0,0,0,0,0,0,0,0,0,0,0,0,0,0,1,0
389,901,The Nomi Song,74631,3.0,14510.0,2.0,7.3,71.0,1016,8701.0,0,0,0,0,0,0,0,1,0,0,0,0,0,0,0,0
390,908,Do Not Resist,72791,8.0,7150.0,1.0,7.0,69.0,1075,12957.0,0,0,0,0,0,0,0,1,0,0,0,0,0,0,0,0
391,909,After Tiller,72125,6.0,15500.0,2.0,7.4,75.0,1010,11851.0,0,0,0,0,0,0,0,1,0,0,0,0,0,0,0,0
392,912,The Invisible War,71968,19.0,16500.0,4.0,7.6,75.0,6541,11396.0,0,0,0,0,0,0,0,1,0,0,0,0,0,0,0,0
393,913,Dancer,71917,10.0,7140.0,1.0,7.9,65.0,2596,12936.0,0,0,0,0,0,0,0,1,0,0,0,0,0,0,0,0
394,914,Raiders!: The Story of the Greatest Fan Film Ever Made,71916,27.0,26059.0,24.0,6.9,70.0,2018,12852.0,0,0,0,0,0,0,0,1,0,0,0,0,0,0,0,0
395,917,Air Guitar Nation,71471,10.0,7035.0,1.0,7.1,72.0,1279,9478.0,0,0,0,0,0,0,0,1,0,0,0,0,0,0,0,0
396,920,Crossing the Bridge: The Sound of Istanbul,70685,3.0,9161.0,1.0,7.9,73.0,6012,9191.0,0,0,0,0,0,0,0,1,0,0,0,0,0,0,0,0
397,922,The Business of Being Born,69991,3.0,9574.0,1.0,7.4,68.0,1300,9770.0,0,0,0,0,0,0,0,1,0,0,0,0,0,0,0,0
398,924,Zoo,69770,5.0,7811.0,1.0,5.6,63.0,2686,9511.0,0,0,0,0,0,0,0,1,0,0,0,0,0,0,0,0
399,932,Shake Hands with the Devil: The Journey of Roméo Dallaire,68249,4.0,1848.0,1.0,8.1,80.0,1012,8799.0,0,0,0,0,0,0,0,1,0,0,0,0,0,0,0,0
400,933,Maidentrip,68243,9.0,1622.0,1.0,7.5,70.0,3656,11942.0,0,0,0,0,0,0,0,1,0,0,0,0,0,0,0,0
401,934,The Silence of Others,67986,6.0,7868.0,1.0,8.0,73.0,1426,13907.0,0,0,0,0,0,0,0,1,0,0,0,0,0,0,0,0
402,935,The Pervert's Guide to Ideology,67966,4.0,9165.0,1.0,7.6,71.0,6136,11893.0,0,0,0,0,0,0,0,1,0,0,0,0,0,0,0,0
403,936,I Am Big Bird: The Caroll Spinney Story,67845,17.0,10000.0,1.0,7.5,71.0,1407,12444.0,0,0,0,0,0,0,0,1,0,0,0,0,0,0,0,0
404,938,Happy Valley,67665,7.0,27122.0,7.0,7.1,76.0,1116,9849.0,0,0,0,0,0,0,0,1,0,0,0,0,0,0,0,0
405,1355,Happy Valley,23868,4.0,9047.0,4.0,7.1,76.0,1116,12278.0,0,0,0,0,0,0,0,1,0,0,0,0,0,0,0,0
406,958,Let the Fire Burn,64489,9.0,5226.0,1.0,7.8,86.0,1261,11863.0,0,0,0,0,0,0,0,1,0,0,0,0,0,0,0,0
407,959,Rock School,64310,32.0,28136.0,32.0,6.4,67.0,1000,8820.0,0,0,0,0,0,0,0,1,0,0,0,0,0,0,0,0
408,964,Drunk Stoned Brilliant Dead,62660,22.0,5254.0,1.0,7.2,74.0,2065,12586.0,0,0,0,0,0,0,0,1,0,0,0,0,0,0,0,0
409,967,The Cave,62625,10.0,21185.0,2.0,7.5,83.0,2176,14070.0,0,0,0,0,0,1,0,0,0,0,0,0,0,0,0,0
410,968,Tomorrow,62510,20.0,1480.0,1.0,8.0,71.0,3136,13118.0,0,0,0,0,0,0,0,1,0,0,0,0,0,0,0,0
411,970,Mifune: The Last Samurai,62279,9.0,4296.0,1.0,7.2,64.0,933,13013.0,0,0,0,0,0,0,0,1,0,0,0,0,0,0,0,0
412,973,Dark Star: HR Gigers Welt,61845,10.0,8349.0,5.0,7.0,62.0,1027,12453.0,0,0,0,0,0,0,0,1,0,0,0,0,0,0,0,0
413,974,If a Tree Falls: A Story of the Earth Liberation Front,61794,5.0,5634.0,2.0,7.2,65.0,3053,11030.0,0,0,0,0,0,0,0,1,0,0,0,0,0,0,0,0
414,975,War Photographer,61040,1.0,9327.0,1.0,8.0,79.0,3938,7740.0,0,0,0,0,0,0,0,1,0,0,0,0,0,0,0,0
415,990,Roman Polanski: Wanted and Desired,59192,9.0,4613.0,1.0,7.2,78.0,4799,9954.0,0,0,0,0,0,0,0,1,0,0,0,0,0,0,0,0
416,991,The Trials of Muhammad Ali,59081,10.0,2980.0,1.0,7.3,74.0,1048,11823.0,0,0,0,0,0,0,0,1,0,0,0,0,0,0,0,0
417,993,Maxed Out,58829,6.0,20024.0,6.0,7.2,65.0,2139,9464.0,0,0,0,0,0,0,0,1,0,0,0,0,0,0,0,0
418,994,Side by Side,58825,9.0,6956.0,1.0,7.6,82.0,12946,11452.0,0,0,0,0,0,0,0,1,0,0,0,0,0,0,0,0
419,1008,Terms and Conditions May Apply,55824,6.0,4446.0,1.0,7.3,68.0,5863,11781.0,0,0,0,0,0,0,0,1,0,0,0,0,0,0,0,0
420,1011,The Lovers & the Despot,55511,13.0,14925.0,8.0,6.5,65.0,912,12950.0,0,0,0,0,0,0,0,1,0,0,0,0,0,0,0,0
421,1023,The Search for General Tso,54275,13.0,9336.0,2.0,6.9,72.0,1643,12320.0,0,0,0,0,0,0,0,1,0,0,0,0,0,0,0,0
422,1029,Making Waves: The Art of Cinematic Sound,53144,11.0,12348.0,3.0,7.6,80.0,1015,14077.0,0,0,0,0,0,0,0,1,0,0,0,0,0,0,0,0
423,1032,To Be Takei,52823,22.0,22846.0,22.0,6.8,66.0,1458,12187.0,0,0,0,0,0,0,0,1,0,0,0,0,0,0,0,0
424,1036,The Last Man on the Moon,52482,14.0,30880.0,13.0,7.4,78.0,3251,12740.0,0,0,0,0,0,0,0,1,0,0,0,0,0,0,0,0
425,1037,Cropsey,52476,4.0,6306.0,1.0,6.3,73.0,7574,10647.0,0,0,0,0,0,0,0,1,0,0,0,0,0,0,0,0
426,1044,The Missing Picture,52164,9.0,10148.0,5.0,7.4,87.0,3032,12031.0,0,0,0,0,0,0,0,1,0,0,0,0,0,0,0,0
427,1050,Tickling Giants,51499,17.0,8159.0,1.0,8.3,78.0,1545,13125.0,0,0,0,0,0,0,0,1,0,0,0,0,0,0,0,0
428,1053,God Loves Uganda,51229,5.0,7300.0,1.0,7.4,77.0,1156,11872.0,0,0,0,0,0,0,0,1,0,0,0,0,0,0,0,0
429,1069,The Internet's Own Boy: The Story of Aaron Swartz,48911,12.0,21705.0,12.0,8.0,72.0,15414,12131.0,0,0,0,0,0,0,0,1,0,0,0,0,0,0,0,0
430,1070,The Seven Five,48869,5.0,14785.0,2.0,7.6,69.0,5267,12446.0,0,0,0,0,0,0,0,1,0,0,0,0,0,0,0,0
431,1071,Ghosts of Cité Soleil,48752,3.0,7100.0,1.0,7.1,64.0,1727,9574.0,0,0,0,0,0,0,0,1,0,0,0,0,0,0,0,0
432,1075,The China Hustle,48650,20.0,25791.0,20.0,7.2,67.0,2505,13503.0,0,0,0,0,0,0,0,1,0,0,0,0,0,0,0,0
433,1077,Saving Banksy,47965,6.0,1317.0,1.0,6.8,73.0,1012,13062.0,0,0,0,0,0,0,0,1,0,0,0,0,0,0,0,0
434,1080,Terror's Advocate,47724,4.0,11197.0,3.0,7.2,75.0,1476,9681.0,0,0,0,0,0,0,0,1,0,0,0,0,0,0,0,0
435,1086,The Goebbels Experiment,47211,2.0,6769.0,1.0,7.3,67.0,942,8890.0,0,0,0,0,0,0,0,1,0,0,0,0,0,0,0,0
436,1087,Collapse,46964,5.0,7800.0,1.0,7.7,71.0,6623,10437.0,0,0,0,0,0,0,0,1,0,0,0,0,0,0,0,0
437,1093,William S. Burroughs: A Man Within,46380,4.0,6510.0,1.0,7.2,63.0,1039,10813.0,0,0,0,0,0,0,0,1,0,0,0,0,0,0,0,0
438,1118,For Sama,43796,4.0,9350.0,3.0,8.5,89.0,7763,13986.0,0,0,0,0,0,0,0,1,0,0,0,0,0,0,0,0
439,1120,A Grin Without A Cat,43616,1.0,8449.0,1.0,8.0,81.0,914,7691.0,0,0,0,0,0,0,0,1,0,0,0,0,0,0,0,0
440,1125,Next Goal Wins,43089,10.0,2568.0,5.0,7.9,71.0,2338,12068.0,0,0,0,0,0,0,0,1,0,0,0,0,0,0,0,0
441,1129,Midnight Family,42310,13.0,3030.0,1.0,7.4,81.0,1109,14119.0,0,0,0,0,0,0,0,1,0,0,0,0,0,0,0,0
442,1134,We Live in Public,41711,2.0,7325.0,1.0,7.2,69.0,1804,10367.0,0,0,0,0,0,0,0,1,0,0,0,0,0,0,0,0
443,1136,A State of Mind,41468,5.0,5515.0,1.0,7.7,63.0,1002,8888.0,0,0,0,0,0,0,0,1,0,0,0,0,0,0,0,0
444,1147,Hell and Back Again,40634,4.0,3413.0,1.0,6.5,81.0,2190,11135.0,0,0,0,0,0,0,0,1,0,0,0,0,0,0,0,0
445,1150,My Flesh and Blood,40573,7.0,18763.0,7.0,8.2,78.0,1693,8267.0,0,0,0,0,0,0,0,1,0,0,0,0,0,0,0,0
446,1155,What Our Fathers Did: A Nazi Legacy,40119,14.0,8132.0,2.0,7.0,69.0,1083,12628.0,0,0,0,0,0,0,0,1,0,0,0,0,0,0,0,0
447,1157,Unrest,40081,8.0,10607.0,1.0,7.7,80.0,2429,13314.0,0,0,0,0,0,0,0,1,0,0,0,0,0,0,0,0
448,1165,Prophet's Prey,39347,9.0,5000.0,1.0,7.3,77.0,1425,12579.0,0,0,0,0,0,0,0,1,0,0,0,0,0,0,0,0
449,1167,How to Make Money Selling Drugs,39192,5.0,9202.0,5.0,7.6,69.0,6597,11765.0,0,0,0,0,0,0,0,1,0,0,0,0,0,0,0,0
450,1187,78/52: Hitchcock's Shower Scene,37664,22.0,3738.0,1.0,7.3,74.0,3030,13335.0,0,0,0,0,0,0,0,1,0,0,0,0,0,0,0,0
451,1191,Grey Gardens,36923,1.0,13845.0,1.0,7.6,82.0,11941,12383.0,0,0,0,0,0,0,0,1,0,0,0,0,0,0,0,0
452,1198,Welcome to Leith,36010,5.0,3707.0,1.0,7.0,78.0,3834,12570.0,0,0,0,0,0,0,0,1,0,0,0,0,0,0,0,0
453,1202,The Year of the Yao,35591,12.0,27823.0,12.0,7.3,62.0,1087,8771.0,0,0,0,0,0,0,0,1,0,0,0,0,0,0,0,0
454,1203,Finders Keepers,35555,32.0,5740.0,5.0,6.8,80.0,2400,12586.0,0,0,0,0,0,0,0,1,0,0,0,0,0,0,0,0
455,1208,A Decade Under the Influence,34837,3.0,2320.0,1.0,7.6,67.0,2497,8050.0,0,0,0,0,0,0,0,1,0,0,0,0,0,0,0,0
456,1210,Comic-Con Episode IV: A Fan's Hope,34665,6.0,8203.0,3.0,7.0,64.0,2710,11319.0,0,0,0,0,0,0,0,1,0,0,0,0,0,0,0,0
457,1217,The Autobiography of Nicolae Ceausescu,34023,3.0,4644.0,1.0,7.7,87.0,1347,11109.0,0,0,0,0,0,0,0,1,0,0,0,0,0,0,0,0
458,1232,Of Time and the City,32677,2.0,5595.0,1.0,7.3,81.0,1896,10148.0,0,0,0,0,0,0,0,1,0,0,0,0,0,0,0,0
459,1238,Living in Emergency,32208,7.0,21905.0,7.0,8.0,76.0,1025,10647.0,0,0,0,0,0,0,0,1,0,0,0,0,0,0,0,0
460,1250,Whores' Glory,31420,3.0,5358.0,3.0,7.2,73.0,4613,11340.0,0,0,0,0,0,0,0,1,0,0,0,0,0,0,0,0
461,1252,Memory: The Origins of Alien,31378,19.0,14704.0,19.0,6.7,70.0,1976,14056.0,0,0,0,0,0,0,0,1,0,0,0,0,0,0,0,0
462,1256,Who Is Harry Nilsson (And Why Is Everybody Talkin' About Him?),30975,3.0,6078.0,1.0,7.6,68.0,1420,10745.0,0,0,0,0,0,0,0,1,0,0,0,0,0,0,0,0
463,1257,Patti Smith: Dream of Life,30918,1.0,9993.0,1.0,7.1,66.0,959,9980.0,0,0,0,0,0,0,0,1,0,0,0,0,0,0,0,0
464,1263,Dealt,30414,10.0,4293.0,1.0,7.6,66.0,1576,13342.0,0,0,0,0,0,0,0,1,0,0,0,0,0,0,0,0
465,1265,"3 1/2 Minutes, 10 Bullets",30407,8.0,2238.0,1.0,7.2,76.0,1699,12488.0,0,0,0,0,0,0,0,1,0,0,0,0,0,0,0,0
466,1266,The Take,30380,1.0,8625.0,1.0,7.7,66.0,1144,8566.0,0,0,0,0,0,0,0,1,0,0,0,0,0,0,0,0
467,1295,Hitler's Children,28663,3.0,2939.0,1.0,7.4,69.0,1156,11543.0,0,0,0,0,0,0,0,1,0,0,0,0,0,0,0,0
468,1302,The Nightmare,28281,16.0,13363.0,16.0,5.8,68.0,6377,12474.0,0,0,0,0,0,0,0,1,0,0,0,0,0,0,0,0
469,1304,The Ambassador,28102,8.0,13046.0,4.0,7.3,67.0,3833,11464.0,0,0,0,0,0,0,0,1,0,0,0,0,0,0,0,0
470,1332,Elena,25788,2.0,10341.0,1.0,7.6,81.0,1653,12103.0,0,0,0,0,0,0,0,1,0,0,0,0,0,0,0,0
471,1335,Kate Plays Christine,25564,3.0,6175.0,1.0,6.2,75.0,924,12922.0,0,0,0,0,0,0,0,1,0,0,0,0,0,0,0,0
472,1337,Lake of Fire,25317,9.0,2559.0,1.0,8.2,83.0,2447,9672.0,0,0,0,0,0,0,0,1,0,0,0,0,0,0,0,0
473,1370,My Scientology Movie,22936,6.0,11180.0,2.0,6.7,62.0,11831,13118.0,0,0,0,0,0,0,0,1,0,0,0,0,0,0,0,0
474,1382,And Everything Is Going Fine,22080,2.0,7035.0,1.0,7.1,76.0,1081,10836.0,0,0,0,0,0,0,0,1,0,0,0,0,0,0,0,0
475,1389,The Arbor,21620,3.0,2638.0,1.0,7.3,88.0,1770,10974.0,0,0,0,0,0,0,0,1,0,0,0,0,0,0,0,0
476,1399,Girl Model,21154,5.0,4898.0,1.0,6.5,68.0,2153,11471.0,0,0,0,0,0,0,0,1,0,0,0,0,0,0,0,0
477,1400,"Not Quite Hollywood: The Wild, Untold Story of Ozploitation!",21152,6.0,4694.0,2.0,7.7,76.0,3929,10339.0,0,0,0,0,0,0,0,1,0,0,0,0,0,0,0,0
478,1405,Cameraman: The Life and Work of Jack Cardiff,20840,3.0,1998.0,1.0,7.7,71.0,1152,10990.0,0,0,0,0,0,0,0,1,0,0,0,0,0,0,0,0
479,1423,Shoah,20175,1.0,2874.0,1.0,8.6,99.0,8281,10836.0,0,0,0,0,0,0,0,1,0,0,0,0,0,0,0,0
480,1435,Active Measures,19862,2.0,9509.0,2.0,7.9,68.0,7388,13657.0,0,0,0,0,0,0,0,1,0,0,0,0,0,0,0,0
481,1467,Dear Zachary: A Letter to a Son About His Father,18334,3.0,2886.0,1.0,8.5,82.0,32511,10066.0,0,0,0,0,0,0,0,1,0,0,0,0,0,0,0,0
482,1473,Casting By,18164,2.0,5649.0,2.0,7.6,70.0,1435,11893.0,0,0,0,0,0,0,0,1,0,0,0,0,0,0,0,0
483,1476,Holy Hell,18051,3.0,9238.0,3.0,7.0,64.0,5041,12831.0,0,0,0,0,0,0,0,1,0,0,0,0,0,0,0,0
484,1510,Genesis,16413,1.0,4891.0,1.0,7.1,74.0,1393,8813.0,0,0,0,0,0,0,0,1,0,0,0,0,0,0,0,0
485,1516,I Like Killing Flies,16214,2.0,5487.0,1.0,7.3,71.0,1146,9240.0,0,0,0,0,0,0,0,1,0,0,0,0,0,0,0,0
486,1549,The Farthest,14773,2.0,6900.0,2.0,8.1,87.0,3748,13272.0,0,0,0,0,0,0,0,1,0,0,0,0,0,0,0,0
487,1550,Last Men in Aleppo,14637,5.0,1505.0,1.0,7.4,80.0,2580,13174.0,0,0,0,0,0,0,0,1,0,0,0,0,0,0,0,0
488,1552,Armadillo,14566,1.0,3958.0,1.0,7.5,72.0,9216,10962.0,0,0,0,0,0,0,0,1,0,0,0,0,0,0,0,0
489,1565,Newtown,14109,3.0,6796.0,2.0,6.8,87.0,1621,12964.0,0,0,0,0,0,0,0,1,0,0,0,0,0,0,0,0
490,1567,Screwball,13967,13.0,8595.0,13.0,7.1,72.0,1129,13867.0,0,0,0,0,0,0,0,1,0,0,0,0,0,0,0,0
491,1573,Who the #$&% Is Jackson Pollock?,13710,2.0,5526.0,2.0,7.0,70.0,1175,9350.0,0,0,0,0,0,0,0,1,0,0,0,0,0,0,0,0
492,1584,Red Obsession,13199,3.0,5060.0,2.0,6.7,68.0,1224,11837.0,0,0,0,0,0,0,0,1,0,0,0,0,0,0,0,0
493,1590,K2: Siren of the Himalayas,12959,2.0,1421.0,2.0,7.2,63.0,927,12187.0,0,0,0,0,0,0,0,1,0,0,0,0,0,0,0,0
494,1593,Children Underground,12798,1.0,3075.0,1.0,8.3,85.0,2190,7467.0,0,0,0,0,0,0,0,1,0,0,0,0,0,0,0,0
495,1598,Of Fathers and Sons,12579,6.0,340.0,1.0,7.3,70.0,2075,13734.0,0,0,0,0,0,0,0,1,0,0,0,0,0,0,0,0
496,1608,Elstree 1976,12173,14.0,3270.0,14.0,5.9,66.0,1307,12810.0,0,0,0,0,0,0,0,1,0,0,0,0,0,0,0,0
497,1616,A Murder in the Park,12088,3.0,1310.0,1.0,7.3,70.0,1081,12495.0,0,0,0,0,0,0,0,1,0,0,0,0,0,0,0,0
498,1622,Minding the Gap,11998,5.0,6812.0,4.0,8.1,90.0,7388,13643.0,0,0,0,0,0,0,0,1,0,0,0,0,0,0,0,0
499,1635,My Voyage to Italy,11683,1.0,7117.0,1.0,8.2,90.0,2992,7502.0,0,0,0,0,0,0,0,1,0,0,0,0,0,0,0,0
500,1644,The Final Member,11428,10.0,2064.0,7.0,6.5,67.0,1110,12061.0,0,0,0,0,0,0,0,1,0,0,0,0,0,0,0,0
501,1679,Liv & Ingmar,10347,2.0,5451.0,2.0,7.4,74.0,1563,11935.0,0,0,0,0,0,0,0,1,0,0,0,0,0,0,0,0
502,1688,The Sunshine Makers,10042,7.0,1874.0,1.0,7.0,68.0,1248,13069.0,0,0,0,0,0,0,0,1,0,0,0,0,0,0,0,0
503,1695,Birth of the Living Dead,9802,10.0,1239.0,6.0,7.0,65.0,1542,11879.0,0,0,0,0,0,0,0,1,0,0,0,0,0,0,0,0
504,1726,Survivors Guide To Prison,8982,4.0,8982.0,4.0,7.1,66.0,995,13468.0,0,0,0,0,0,0,0,1,0,0,0,0,0,0,0,0
505,1742,Dreams of a Life,8405,1.0,3085.0,1.0,6.8,62.0,2938,11438.0,0,0,0,0,0,0,0,1,0,0,0,0,0,0,0,0
506,1750,We Are Twisted Fucking Sister!,8277,8.0,5804.0,6.0,7.1,65.0,1578,12733.0,0,0,0,0,0,0,0,1,0,0,0,0,0,0,0,0
507,1751,Silicon Cowboys,8239,12.0,5724.0,12.0,6.8,75.0,1861,12943.0,0,0,0,0,0,0,0,1,0,0,0,0,0,0,0,0
508,1758,The Other Side,8074,1.0,1246.0,1.0,6.7,65.0,1053,12824.0,0,0,0,0,0,0,0,1,0,0,0,0,0,0,0,0
509,1776,Last Days Here,7643,1.0,2671.0,1.0,7.5,71.0,1746,11284.0,0,0,0,0,0,0,0,1,0,0,0,0,0,0,0,0
510,1781,loudQUIETloud: A Film About the Pixies,7506,3.0,3792.0,3.0,7.2,63.0,1299,9303.0,0,0,0,0,0,0,0,1,0,0,0,0,0,0,0,0
511,1805,Los Angeles Plays Itself,6945,1.0,5005.0,1.0,8.0,86.0,2139,8510.0,0,0,0,0,0,0,0,1,0,0,0,0,0,0,0,0
512,1811,Steve McQueen: The Man & Le Mans,6843,2.0,4079.0,2.0,6.8,64.0,1380,12635.0,0,0,0,0,0,0,0,1,0,0,0,0,0,0,0,0
513,1841,The Work,5853,2.0,3286.0,2.0,7.8,84.0,1979,13349.0,0,0,0,0,0,0,0,1,0,0,0,0,0,0,0,0
514,1878,Street Fight,4779,2.0,3888.0,2.0,7.9,85.0,1892,9084.0,0,0,0,0,0,0,0,1,0,0,0,0,0,0,0,0
515,1903,McLibel,4337,3.0,1821.0,1.0,7.2,81.0,2057,8827.0,0,0,0,0,0,0,0,1,0,0,0,0,0,0,0,0
516,1926,In the Basement,3643,1.0,748.0,1.0,6.7,68.0,2390,12628.0,0,0,0,0,0,0,0,1,0,0,0,0,0,0,0,0
517,1927,Stop The Pounding Heart,3642,1.0,2363.0,1.0,6.7,70.0,927,12215.0,0,0,0,0,0,0,0,1,0,0,0,0,0,0,0,0
518,1953,Showrunners: The Art of Running a TV Show,3100,1.0,3100.0,1.0,6.7,68.0,1125,12257.0,0,0,0,0,0,0,0,1,0,0,0,0,0,0,0,0
519,1972,Knuckle,2647,3.0,2647.0,3.0,6.8,65.0,2693,11200.0,0,0,0,0,0,0,0,1,0,0,0,0,0,0,0,0
520,1986,You're Gonna Miss Me,2324,1.0,1340.0,1.0,7.6,64.0,988,9555.0,0,0,0,0,0,0,0,1,0,0,0,0,0,0,0,0
521,1991,Workingman's Death,2214,2.0,2214.0,2.0,8.0,67.0,1647,9086.0,0,0,0,0,0,0,0,1,0,0,0,0,0,0,0,0
522,1998,"Accidental Courtesy: Daryl Davis, Race & America",1940,1.0,1452.0,1.0,7.7,63.0,1019,13055.0,0,0,0,0,0,0,0,1,0,0,0,0,0,0,0,0
523,2027,Jason Becker: Not Dead Yet,1294,2.0,319.0,2.0,8.1,70.0,1138,11569.0,0,0,0,0,0,0,0,1,0,0,0,0,0,0,0,0
